﻿Material;Type;Standard Length;Rvalue
outside_surface;conv;;0.03
outside_surface_summer;conv;;0.044
inside_surface;conv;;0.12
air_space_13;irradiance;13;0.16
air_space_20;irradiance;20;0.17
air_space_40;irradiance;40;0.16
air_space_90;irradiance;90;0.16
glass_fiber;cond;25;0.70
mineral_fiber;cond;25;0.66
urethane_rigid_foam;cond;25;0.98
stucco;cond;25;0.037
face_brick;cond;100;0.075
common_brick;cond;100;0.12
slag;cond;13;0.067
wood;cond;25;0.22
wood_stud_3.5;cond;90;0.63
wood_stud_5.5;cond;140;0.98
clay_tile;cond;100;0.18
concrete_block_lightweight;cond;100;0.27
concrete_block_heavyweight;cond;100;0.13
gypsum;cond;13;0.079
wood_fiberboard;cond;13;0.23
plywood;cond;13;0.11
concrete_lightweight;cond;200;1.17
concrete_heavyweight;cond;200;0.12
cement_mortar;cond;13;0.018
wood_bevel;cond;13;0.14
