﻿Name;Direction;width;Height;Area;Window_ID;Frame_type;U;SHGC;HF;Q heating;SLF;Doh;Xoh;Fshd;IntShading_ID;IntShading_closeness;IAC_cl;IAC;Tx;Ed;ED;PXI;FFs;C_value;CF;Qcooling
west;W;6;1.8;0;1c;Fix_Alluminium;0;0;0;0;0;0.8;0.4;0;DrapesLightClosed;0.5;0;0;1;0;0;0;0;0;0;0
south;S;6;1.8;0;1c;Fix_Alluminium;0;0;0;0;0;0.5;0.4;0;DrapesLightClosed;0.5;0;0;1;0;0;0;0;0;0;0
east-Fixed;E;1.5;1.8;0;1c;Fix_Alluminium;0;0;0;0;0;0.8;0.4;0;DrapesLightClosed;0.5;0;0;1;0;0;0;0;0;0;0
east-Operable;E;1.5;1.8;0;1c;Op_Alluminium;0;0;0;0;0;0.8;0.4;0;DrapesLightClosed;0.5;0;0;0.64;0;0;0;0;0;0;0
